{
    "thresholds": [
        0.8157894736842105,
        0.6894736842105262,
        0.26842105263157895,
        0.4789473684210527
    ],
    "class_names": [
        "Moderate_NPDR",
        "No_DR",
        "PDR",
        "Severe_NPDR"
    ],
    "val_f1_with_thresholds": 0.8717368524801062
}