{
    "loss": 0.22872964643236054,
    "accuracy": 0.8596491228070176,
    "balanced_accuracy": 0.8479001618536504,
    "precision": 0.8680033416875523,
    "recall": 0.8596491228070176,
    "f1": 0.8620033673714823,
    "cohen_kappa": 0.8057094162760972,
    "roc_auc": 0.9699031239298401,
    "per_class_precision": [
        0.625,
        0.8666666666666667,
        0.8928571428571429,
        0.925
    ],
    "per_class_recall": [
        0.7692307692307693,
        0.9285714285714286,
        0.8333333333333334,
        0.8604651162790697
    ],
    "per_class_f1": [
        0.6896551724137931,
        0.896551724137931,
        0.8620689655172413,
        0.891566265060241
    ]
}