{
    "loss": 0.3636532639872728,
    "accuracy": 0.8070175438596491,
    "balanced_accuracy": 0.806787205043019,
    "precision": 0.8390074130736269,
    "recall": 0.8070175438596491,
    "f1": 0.8162294936820695,
    "cohen_kappa": 0.736471577177682,
    "roc_auc": 0.949395006191012,
    "per_class_precision": [
        0.47619047619047616,
        0.9230769230769231,
        0.8064516129032258,
        0.9166666666666666
    ],
    "per_class_recall": [
        0.7692307692307693,
        0.8571428571428571,
        0.8333333333333334,
        0.7674418604651163
    ],
    "per_class_f1": [
        0.5882352941176471,
        0.8888888888888888,
        0.819672131147541,
        0.8354430379746836
    ]
}