{
    "loss": 0.1905159697977197,
    "accuracy": 0.9122807017543859,
    "balanced_accuracy": 0.9043540761564017,
    "precision": 0.9292842979095247,
    "recall": 0.9122807017543859,
    "f1": 0.9173931002358104,
    "cohen_kappa": 0.8789808917197452,
    "roc_auc": 0.9730814418957148,
    "per_class_precision": [
        0.6111111111111112,
        0.9310344827586207,
        1.0,
        0.975
    ],
    "per_class_recall": [
        0.8461538461538461,
        0.9642857142857143,
        0.9,
        0.9069767441860465
    ],
    "per_class_f1": [
        0.7096774193548387,
        0.9473684210526315,
        0.9473684210526315,
        0.9397590361445783
    ]
}