{
    "loss": 0.31130402156135495,
    "accuracy": 0.7894736842105263,
    "balanced_accuracy": 0.8029421160235114,
    "precision": 0.836971298423161,
    "recall": 0.7894736842105263,
    "f1": 0.8015652073639603,
    "cohen_kappa": 0.7147623019182652,
    "roc_auc": 0.9490604009741472,
    "per_class_precision": [
        0.4583333333333333,
        0.92,
        0.7741935483870968,
        0.9411764705882353
    ],
    "per_class_recall": [
        0.8461538461538461,
        0.8214285714285714,
        0.8,
        0.7441860465116279
    ],
    "per_class_f1": [
        0.5945945945945946,
        0.8679245283018868,
        0.7868852459016393,
        0.8311688311688312
    ]
}