{
    "loss": 0.0,
    "accuracy": 0.8070175438596491,
    "balanced_accuracy": 0.7696513757560269,
    "precision": 0.8147320763708931,
    "recall": 0.8070175438596491,
    "f1": 0.8089492286109605,
    "cohen_kappa": 0.732679599232573,
    "roc_auc": 0.9389153160221952,
    "per_class_precision": [
        0.5,
        0.8064516129032258,
        0.8064516129032258,
        0.9210526315789473
    ],
    "per_class_recall": [
        0.5384615384615384,
        0.8928571428571429,
        0.8333333333333334,
        0.813953488372093
    ],
    "per_class_f1": [
        0.5185185185185185,
        0.847457627118644,
        0.819672131147541,
        0.8641975308641975
    ]
}