{
    "loss": 0.0,
    "accuracy": 0.8157894736842105,
    "balanced_accuracy": 0.7914015248317574,
    "precision": 0.832328120894364,
    "recall": 0.8157894736842105,
    "f1": 0.8202489499265635,
    "cohen_kappa": 0.7463445645263826,
    "roc_auc": 0.9482613407022484,
    "per_class_precision": [
        0.5,
        0.8620689655172413,
        0.7878787878787878,
        0.9444444444444444
    ],
    "per_class_recall": [
        0.6153846153846154,
        0.8928571428571429,
        0.8666666666666667,
        0.7906976744186046
    ],
    "per_class_f1": [
        0.5517241379310345,
        0.8771929824561403,
        0.8253968253968254,
        0.8607594936708861
    ]
}