{
    "loss": 0.0,
    "accuracy": 0.7719298245614035,
    "balanced_accuracy": 0.7497348581650908,
    "precision": 0.7969678015071634,
    "recall": 0.7719298245614035,
    "f1": 0.7788689697833856,
    "cohen_kappa": 0.6860502065459168,
    "roc_auc": 0.9389153160221952,
    "per_class_precision": [
        0.42105263157894735,
        0.8064516129032258,
        0.875,
        0.85
    ],
    "per_class_recall": [
        0.6153846153846154,
        0.8928571428571429,
        0.7,
        0.7906976744186046
    ],
    "per_class_f1": [
        0.5,
        0.847457627118644,
        0.7777777777777778,
        0.8192771084337349
    ]
}