{
    "loss": 0.3596759421685547,
    "accuracy": 0.7631578947368421,
    "balanced_accuracy": 0.7802368174461198,
    "precision": 0.818801285906549,
    "recall": 0.7631578947368421,
    "f1": 0.7706380921631577,
    "cohen_kappa": 0.6807053941908714,
    "roc_auc": NaN,
    "per_class_precision": [
        0.45454545454545453,
        0.8888888888888888,
        0.7027027027027027,
        0.9642857142857143
    ],
    "per_class_recall": [
        0.7692307692307693,
        0.8571428571428571,
        0.8666666666666667,
        0.627906976744186
    ],
    "per_class_f1": [
        0.5714285714285714,
        0.8727272727272727,
        0.7761194029850746,
        0.7605633802816901
    ]
}