{
    "loss": 0.6010052885925561,
    "accuracy": 0.5175438596491229,
    "balanced_accuracy": 0.5241161938836358,
    "precision": 0.5633192513055213,
    "recall": 0.5175438596491229,
    "f1": 0.5101503759398497,
    "cohen_kappa": 0.35830518882407125,
    "roc_auc": NaN,
    "per_class_precision": [
        0.21739130434782608,
        0.5625,
        0.5897435897435898,
        0.65
    ],
    "per_class_recall": [
        0.38461538461538464,
        0.6428571428571429,
        0.7666666666666667,
        0.3023255813953488
    ],
    "per_class_f1": [
        0.2777777777777778,
        0.6,
        0.6666666666666666,
        0.4126984126984127
    ]
}