{
    "loss": 0.28166006724431847,
    "accuracy": 0.7280701754385965,
    "balanced_accuracy": 0.7877491694352159,
    "precision": 0.8365599183143043,
    "recall": 0.7280701754385965,
    "f1": 0.7452141794348899,
    "cohen_kappa": 0.6430303030303031,
    "roc_auc": NaN,
    "per_class_precision": [
        0.37142857142857144,
        0.9259259259259259,
        0.7777777777777778,
        0.96
    ],
    "per_class_recall": [
        1.0,
        0.8928571428571429,
        0.7,
        0.5581395348837209
    ],
    "per_class_f1": [
        0.5416666666666666,
        0.9090909090909091,
        0.7368421052631579,
        0.7058823529411765
    ]
}