{
    "loss": 0.36152363163337375,
    "accuracy": 0.7543859649122807,
    "balanced_accuracy": 0.7861402163727744,
    "precision": 0.8290570175438596,
    "recall": 0.7543859649122807,
    "f1": 0.7708599664536017,
    "cohen_kappa": 0.6718075262183838,
    "roc_auc": NaN,
    "per_class_precision": [
        0.4,
        0.8571428571428571,
        0.8333333333333334,
        0.9375
    ],
    "per_class_recall": [
        0.9230769230769231,
        0.8571428571428571,
        0.6666666666666666,
        0.6976744186046512
    ],
    "per_class_f1": [
        0.5581395348837209,
        0.8571428571428571,
        0.7407407407407407,
        0.8
    ]
}