{
    "loss": 0.38658745822153595,
    "accuracy": 0.8157894736842105,
    "balanced_accuracy": 0.7888821449867962,
    "precision": 0.8283924787673181,
    "recall": 0.8157894736842105,
    "f1": 0.82003925494265,
    "cohen_kappa": 0.7456438589035275,
    "roc_auc": NaN,
    "per_class_precision": [
        0.5,
        0.8620689655172413,
        0.8064516129032258,
        0.9210526315789473
    ],
    "per_class_recall": [
        0.6153846153846154,
        0.8928571428571429,
        0.8333333333333334,
        0.813953488372093
    ],
    "per_class_f1": [
        0.5517241379310345,
        0.8771929824561403,
        0.819672131147541,
        0.8641975308641975
    ]
}