{
    "loss": 0.576243171566411,
    "accuracy": 0.5526315789473685,
    "balanced_accuracy": 0.5452231876650482,
    "precision": 0.6036534940043713,
    "recall": 0.5526315789473685,
    "f1": 0.5475248702222387,
    "cohen_kappa": 0.4025280032884595,
    "roc_auc": NaN,
    "per_class_precision": [
        0.18181818181818182,
        0.7407407407407407,
        0.5681818181818182,
        0.6666666666666666
    ],
    "per_class_recall": [
        0.3076923076923077,
        0.7142857142857143,
        0.8333333333333334,
        0.32558139534883723
    ],
    "per_class_f1": [
        0.22857142857142856,
        0.7272727272727273,
        0.6756756756756757,
        0.4375
    ]
}