{
    "loss": 0.5313754280408224,
    "accuracy": 0.5701754385964912,
    "balanced_accuracy": 0.5852383082034245,
    "precision": 0.7047794607291176,
    "recall": 0.5701754385964912,
    "f1": 0.5942205942205943,
    "cohen_kappa": 0.4399438540204532,
    "roc_auc": 0.8485773921946101,
    "per_class_precision": [
        0.19444444444444445,
        0.7391304347826086,
        0.6857142857142857,
        0.85
    ],
    "per_class_recall": [
        0.5384615384615384,
        0.6071428571428571,
        0.8,
        0.3953488372093023
    ],
    "per_class_f1": [
        0.2857142857142857,
        0.6666666666666666,
        0.7384615384615385,
        0.5396825396825397
    ]
}