{
    "loss": 0.47273025700920507,
    "accuracy": 0.5350877192982456,
    "balanced_accuracy": 0.5779186898372946,
    "precision": 0.7313150763086579,
    "recall": 0.5350877192982456,
    "f1": 0.5430613570964449,
    "cohen_kappa": 0.4052564228762675,
    "roc_auc": 0.8615230873953326,
    "per_class_precision": [
        0.1951219512195122,
        0.8095238095238095,
        0.625,
        0.9166666666666666
    ],
    "per_class_recall": [
        0.6153846153846154,
        0.6071428571428571,
        0.8333333333333334,
        0.2558139534883721
    ],
    "per_class_f1": [
        0.2962962962962963,
        0.6938775510204082,
        0.7142857142857143,
        0.4
    ]
}