{
    "loss": 0.688023094545331,
    "accuracy": 0.38596491228070173,
    "balanced_accuracy": 0.39481855353948375,
    "precision": 0.4635832004253057,
    "recall": 0.38596491228070173,
    "f1": 0.37634030728996404,
    "cohen_kappa": 0.20612813370473537,
    "roc_auc": 0.7242651128203259,
    "per_class_precision": [
        0.09090909090909091,
        0.5238095238095238,
        0.46153846153846156,
        0.5384615384615384
    ],
    "per_class_recall": [
        0.23076923076923078,
        0.7857142857142857,
        0.4,
        0.16279069767441862
    ],
    "per_class_f1": [
        0.13043478260869565,
        0.6285714285714286,
        0.42857142857142855,
        0.25
    ]
}