{
    "loss": 0.5418083343589515,
    "accuracy": 0.6578947368421053,
    "balanced_accuracy": 0.6470876991225829,
    "precision": 0.689258593458134,
    "recall": 0.6578947368421053,
    "f1": 0.6638910724845303,
    "cohen_kappa": 0.5340111099465465,
    "roc_auc": 0.8557485612753134,
    "per_class_precision": [
        0.3888888888888889,
        0.6129032258064516,
        0.6764705882352942,
        0.8387096774193549
    ],
    "per_class_recall": [
        0.5384615384615384,
        0.6785714285714286,
        0.7666666666666667,
        0.6046511627906976
    ],
    "per_class_f1": [
        0.45161290322580644,
        0.6440677966101694,
        0.71875,
        0.7027027027027027
    ]
}