{
    "loss": 0.27918203214281484,
    "accuracy": 0.7807017543859649,
    "balanced_accuracy": 0.7880164409234177,
    "precision": 0.8216124794610806,
    "recall": 0.7807017543859649,
    "f1": 0.7902760369421014,
    "cohen_kappa": 0.7019140257295262,
    "roc_auc": 0.9482613407022484,
    "per_class_precision": [
        0.43478260869565216,
        0.8387096774193549,
        0.9166666666666666,
        0.8611111111111112
    ],
    "per_class_recall": [
        0.7692307692307693,
        0.9285714285714286,
        0.7333333333333333,
        0.7209302325581395
    ],
    "per_class_f1": [
        0.5555555555555556,
        0.8813559322033898,
        0.8148148148148148,
        0.7848101265822784
    ]
}