{
    "loss": 0.37219904755291183,
    "accuracy": 0.7368421052631579,
    "balanced_accuracy": 0.7194298918136128,
    "precision": 0.79248408377265,
    "recall": 0.7368421052631579,
    "f1": 0.7490690951665369,
    "cohen_kappa": 0.6442687747035574,
    "roc_auc": 0.9318539546959774,
    "per_class_precision": [
        0.3333333333333333,
        0.7931034482758621,
        0.7428571428571429,
        0.9655172413793104
    ],
    "per_class_recall": [
        0.5384615384615384,
        0.8214285714285714,
        0.8666666666666667,
        0.6511627906976745
    ],
    "per_class_f1": [
        0.4117647058823529,
        0.8070175438596491,
        0.8,
        0.7777777777777778
    ]
}