{
    "loss": 0.48290584903014333,
    "accuracy": 0.5877192982456141,
    "precision": 0.650034906613854,
    "recall": 0.5877192982456141,
    "f1": 0.5965767112276015,
    "balanced_accuracy": 0.6167369452253173,
    "cohen_kappa": 0.4514742014742015,
    "roc_auc": 0.8445792404452,
    "per_class_precision": [
        0.32142857142857145,
        0.6666666666666666,
        0.6060606060606061,
        0.7692307692307693
    ],
    "per_class_recall": [
        0.6923076923076923,
        0.6428571428571429,
        0.6666666666666666,
        0.46511627906976744
    ],
    "per_class_f1": [
        0.43902439024390244,
        0.6545454545454545,
        0.6349206349206349,
        0.5797101449275363
    ]
}