{
    "loss": 0.6084445011073892,
    "accuracy": 0.74,
    "precision": 0.7855282756251224,
    "recall": 0.74,
    "f1": 0.7518020371285602,
    "roc_auc": 0.9094080439366559,
    "per_class_f1": [
        0.9626865671641791,
        0.5132743362831859,
        0.6135458167330677,
        0.32558139534883723,
        0.5087719298245614
    ]
}