{
    "loss": 0.6204935543374582,
    "accuracy": 0.7636363636363637,
    "precision": 0.7993720516243881,
    "recall": 0.7636363636363637,
    "f1": 0.7731459498234787,
    "roc_auc": 0.9157635405722052,
    "per_class_f1": [
        0.966789667896679,
        0.5873015873015873,
        0.6536964980544747,
        0.33707865168539325,
        0.5116279069767442
    ]
}