{
    "loss": 0.5760526740009134,
    "accuracy": 0.6818181818181818,
    "precision": 0.7873162264968342,
    "recall": 0.6818181818181818,
    "f1": 0.6909646853249761,
    "roc_auc": 0.9184694765755319,
    "per_class_f1": [
        0.9548872180451128,
        0.5263157894736842,
        0.4292682926829268,
        0.3076923076923077,
        0.41975308641975306
    ]
}