{
    "loss": 0.656747712709687,
    "accuracy": 0.7363636363636363,
    "precision": 0.8058156830999491,
    "recall": 0.7363636363636363,
    "f1": 0.7472048285133502,
    "roc_auc": 0.9072611727263211,
    "per_class_f1": [
        0.9703703703703703,
        0.5531914893617021,
        0.5932203389830508,
        0.3508771929824561,
        0.4057971014492754
    ]
}