{
    "loss": 0.6241212479634718,
    "accuracy": 0.7072727272727273,
    "precision": 0.8074819610569166,
    "recall": 0.7072727272727273,
    "f1": 0.7238074699300884,
    "roc_auc": 0.8989246719715199,
    "per_class_f1": [
        0.9346153846153846,
        0.5280898876404494,
        0.5585585585585585,
        0.32608695652173914,
        0.5
    ]
}