{
    "loss": 0.545053561817516,
    "accuracy": 0.6818181818181818,
    "precision": 0.8157009628741376,
    "recall": 0.6818181818181818,
    "f1": 0.6909404965768603,
    "roc_auc": 0.9233942412637941,
    "per_class_f1": [
        0.9382239382239382,
        0.5111111111111111,
        0.42424242424242425,
        0.3620689655172414,
        0.5227272727272727
    ]
}